CaskID,CaskName,CaskType,KombuchaFlavor,Lactobacillus,Acetobacter,Gluconobacter,PH Level,LS-Code,Weight,Temperature
1,Derek,Port casks,Raspberry,458,330,33,3.37,5349684-C,72.8,77.0
2,Alice,Port casks,Raspberry,460,333,34,2.52,1388758-B,72.88,80.6
3,Oscar,Port casks,Blackcurrant,458,332,34,2.8,5210678-A,72.84,77.2
4,Alice,Port casks,Mojito,460,333,36,2.91,6793789-B,72.8,81.6
5,Emily,Port casks,Blackcurrant,454,332,35,2.89,1024747-B,72.89,75.3
6,Vince,Port casks,Ginger & Lemon,460,337,37,2.55,0230733-A,72.85,81.6
7,Lydia,Port casks,Blackcurrant,457,334,36,3.4,7731297-C,72.86,80.5
8,Alice,Port casks,Ginger & Lemon,452,333,37,2.88,0195438-C,72.81,80.5
9,Alice,Port casks,Raspberry,454,333,33,3.26,5268786-C,72.81,79.1
10,Olive,Port casks,Raspberry,455,336,33,3.46,6954610-C,72.8,78.4
11,Jonah,Port casks,Peach,459,335,37,2.89,4959300-A,72.82,79.3
12,Miles,Port casks,Ginger & Lemon,458,333,37,2.75,5303026-C,72.84,77.5
13,Zara,Port casks,Blueberry,459,338,36,2.96,6657967-E,72.82,81.9
14,Emily,Port casks,Blackcurrant,457,332,36,2.73,1763673-A,72.81,81.9
15,Alice,Port casks,Raspberry,457,340,35,2.57,8570180-E,72.89,83.2
16,Alice,Port casks,Peach,456,340,36,4.72,1646768-D,72.9,80.0
17,Simon,Port casks,Blueberry,454,333,37,3.46,1661254-B,72.86,78.7
18,Derek,Port casks,Peach,455,330,35,4.59,3461315-E,72.84,82.5
19,Miles,Port casks,Blackcurrant,459,332,37,2.7,4497510-B,72.9,80.5
20,Lydia,Port casks,Peach,459,334,34,3.2,9186649-C,72.86,76.5
21,Oscar,Port casks,Peach,453,334,37,2.64,9695341-A,72.83,79.7
22,Simon,Port casks,Raspberry,455,337,34,3.2,6347714-E,72.81,83.2
23,Emily,Port casks,Strawberry,452,336,35,3.4,1528102-C,72.88,83.0
24,Simon,Port casks,Blackcurrant,451,331,34,3.21,4018546-C,72.81,77.9
25,Alice,Port casks,Blackcurrant,457,336,33,5.04,0110261-B,72.85,80.6
26,Helen,Port casks,Raspberry,452,337,33,3.43,5032408-D,72.83,83.4
27,Zara,Port casks,Ginger & Lemon,453,331,37,3.42,7261470-A,72.82,79.1
28,Vince,Port casks,Peach,458,332,37,2.85,7997139-B,72.84,78.4
29,Ethan,Port casks,Mojito,457,337,36,3.45,0029331-C,72.86,83.0
30,Zara,Port casks,Raspberry,457,335,35,3.03,0907941-B,72.88,75.2
31,Olive,Port casks,Strawberry,460,333,37,3.35,8161225-A,72.9,81.2
32,Vince,Port casks,Mojito,460,340,36,2.95,4679697-C,72.82,80.7
33,Ethan,Port casks,Peach,455,334,37,3.38,7284597-C,72.81,82.6
34,Oscar,Port casks,Blueberry,460,340,34,3.36,5736724-E,72.82,84.8
35,Emily,Port casks,Peach,457,333,36,3.36,2314742-A,72.87,76.9
36,Olive,Port casks,Peach,457,334,35,3.37,6224420-A,72.85,76.3
37,Vince,Port casks,Peach,457,338,35,3.2,4351046-B,72.85,84.9
38,Emily,Port casks,Strawberry,456,338,36,2.94,2660005-A,72.86,80.2
39,Blake,Port casks,Peach,452,340,35,2.53,6551439-A,72.89,77.7
40,Jonah,Port casks,Ginger & Lemon,455,340,37,2.99,6908437-B,72.88,78.2
41,Alice,Port casks,Mojito,456,338,34,3.25,7341236-C,72.9,77.9
42,Emily,Port casks,Ginger & Lemon,450,334,34,2.82,9652291-E,72.86,82.1
43,Olive,Port casks,Blackcurrant,455,334,35,3.02,6572662-E,72.86,77.5
44,Derek,Port casks,Strawberry,456,338,36,2.93,4307023-A,72.87,79.1
45,Vince,Port casks,Ginger & Lemon,455,334,33,3.5,1705800-B,72.82,77.0
46,Emily,Port casks,Raspberry,451,333,34,2.96,3057137-B,72.88,82.9
47,Ethan,Port casks,Blackcurrant,450,340,34,2.7,6533546-B,72.81,81.7
48,Olive,Port casks,Raspberry,451,336,36,2.83,9504771-E,72.8,79.2
49,Ethan,Port casks,Blackcurrant,458,338,37,3.32,0968655-C,72.85,75.3
50,Ethan,Port casks,Ginger & Lemon,455,339,35,3.5,4898823-B,72.87,75.2
51,Lydia,Port casks,Raspberry,459,337,35,3.44,2411584-B,72.84,81.6
52,Jonah,Port casks,Strawberry,454,332,34,3.31,2601878-B,72.81,76.6
53,Emily,Port casks,Strawberry,458,332,34,2.89,4250765-E,72.85,78.9
54,Mason,Port casks,Mojito,456,340,37,3.41,3329146-A,72.85,79.1
55,Alice,Port casks,Raspberry,457,336,37,3.45,6592402-A,72.86,76.4
56,Zara,Port casks,Peach,460,333,34,3.46,2578868-A,72.84,75.3
57,Alice,Port casks,Strawberry,457,330,33,2.86,6067913-A,72.82,75.2
58,Derek,Port casks,Strawberry,457,339,34,4.51,5668396-C,72.87,75.1
59,Blake,Port casks,Strawberry,458,330,36,2.98,8572461-A,72.88,76.6
60,Simon,Port casks,Blackcurrant,460,334,33,2.74,7680451-D,72.85,80.5
61,Oscar,Port casks,Blueberry,450,333,36,2.75,1603157-C,72.82,76.9
62,Simon,Port casks,Strawberry,451,339,34,2.92,5834302-E,72.88,79.3
63,Helen,Port casks,Ginger & Lemon,453,330,36,2.51,7841393-C,72.86,83.9
64,Zara,Port casks,Peach,453,335,35,2.76,9295477-E,72.86,77.8
65,Ethan,Port casks,Peach,458,332,34,3.47,8637814-C,72.89,75.6
66,Simon,Port casks,Raspberry,460,335,33,3.32,5776513-E,72.89,83.2
67,Blake,Port casks,Blueberry,454,335,35,3.45,5145649-D,72.9,84.7
68,Derek,Port casks,Ginger & Lemon,450,330,36,3.09,9711855-D,72.86,82.7
69,Simon,Port casks,Blueberry,455,340,33,2.52,6522062-B,72.89,75.9
70,Emily,Port casks,Peach,459,332,36,3.02,5641537-A,72.89,84.8
71,Mason,Port casks,Blackcurrant,455,331,34,2.96,9739243-D,72.8,82.0
72,Simon,Port casks,Blueberry,457,336,34,2.93,1725075-D,72.89,78.3
73,Alice,Port casks,Ginger & Lemon,458,332,36,3.06,3997710-C,72.83,78.7
74,Derek,Port casks,Raspberry,455,335,34,2.77,3693112-C,72.8,76.2
75,Simon,Port casks,Peach,460,336,36,2.68,1929934-D,72.9,83.3
76,Mason,Port casks,Raspberry,456,338,33,3.28,4815090-E,72.85,80.3
77,Simon,Port casks,Strawberry,453,336,35,3.38,2065798-B,72.9,84.2
78,Mason,Port casks,Strawberry,450,338,34,3.16,9725027-A,72.83,82.9
79,Helen,Port casks,Peach,456,339,36,2.64,8241331-A,72.87,82.3
80,Mason,Port casks,Ginger & Lemon,455,332,34,3.09,0151067-B,72.83,80.0
81,Lydia,Port casks,Blueberry,457,339,34,2.63,7913628-A,72.84,82.0
82,Lydia,Port casks,Raspberry,454,340,35,2.8,6077629-B,72.85,78.4
83,Olive,Port casks,Strawberry,454,337,35,3.22,2277146-D,72.88,82.7
84,Oscar,Port casks,Ginger & Lemon,460,338,34,2.72,3607276-D,72.9,80.3
85,Helen,Port casks,Peach,457,334,33,3.44,1910751-C,72.9,76.8
86,Alice,Port casks,Strawberry,451,337,36,2.58,7446415-D,72.88,75.7
87,Zara,Port casks,Peach,457,332,34,3.45,0397914-A,72.87,81.7
88,Emily,Port casks,Mojito,452,339,35,3.35,1656017-E,72.81,79.0
89,Emily,Port casks,Ginger & Lemon,454,330,34,3.49,4581266-E,72.88,79.2
90,Emily,Port casks,Raspberry,453,336,35,2.53,2146574-D,72.9,82.8
91,Emily,Port casks,Strawberry,457,332,36,3.42,1629723-D,72.88,76.1
92,Helen,Port casks,Blackcurrant,459,338,37,3.15,3366061-C,72.81,80.7
93,Vince,Port casks,Blackcurrant,454,338,37,3.01,7565576-B,72.8,82.8
94,Oscar,Port casks,Peach,454,331,34,2.86,9981158-C,72.87,82.4
95,Oscar,Port casks,Raspberry,452,330,34,3.01,6548400-D,72.86,83.5
96,Emily,Port casks,Mojito,450,332,36,3.36,7999583-A,72.82,83.2
97,Olive,Port casks,Mojito,452,336,36,2.96,6897616-A,72.84,75.4
98,Simon,Port casks,Ginger & Lemon,452,332,34,2.74,7503059-C,72.82,77.5
99,Simon,Port casks,Ginger & Lemon,457,338,36,2.89,4218355-B,72.9,84.3
100,Derek,Port casks,Blackcurrant,459,340,37,2.59,5205870-C,72.81,75.3
101,Derek,Port casks,Strawberry,450,332,36,2.99,2855707-A,72.89,82.7
102,Lydia,Port casks,Ginger & Lemon,457,340,33,2.95,5953059-B,72.84,83.0
103,Ethan,Port casks,Strawberry,457,331,34,3.46,2351963-C,72.85,83.9
104,Blake,Port casks,Mojito,451,331,35,2.81,2087693-B,72.83,80.5
105,Jonah,Port casks,Strawberry,457,330,34,2.93,2565648-B,72.88,83.0
106,Blake,Port casks,Raspberry,450,330,34,2.69,0712555-B,72.81,77.9
107,Miles,Port casks,Mojito,455,340,36,2.55,2606426-E,72.86,78.5
108,Lydia,Port casks,Raspberry,451,332,35,2.61,0237235-A,72.88,76.2
109,Simon,Port casks,Raspberry,460,332,34,2.62,5008514-B,72.89,82.0
110,Simon,Port casks,Mojito,459,338,33,2.51,1364685-E,72.9,76.3
111,Mason,Port casks,Mojito,456,330,34,3.11,8683191-D,72.83,84.1
112,Ethan,Port casks,Blackcurrant,450,337,36,3.0,5212532-D,72.85,77.9
113,Zara,Port casks,Raspberry,451,337,36,3.16,0434292-C,72.87,83.0
114,Alice,Port casks,Mojito,451,337,35,3.24,9877097-D,72.87,76.4
115,Lydia,Port casks,Mojito,458,335,33,3.05,9008688-B,72.9,77.7
116,Alice,Port casks,Blueberry,458,332,36,2.96,0623324-E,72.82,77.8
117,Helen,Port casks,Blackcurrant,452,340,33,2.69,0709002-B,72.83,76.3
118,Derek,Port casks,Strawberry,459,335,33,3.06,8282314-E,72.88,80.8
119,Mason,Port casks,Raspberry,452,335,34,3.34,3285846-C,72.86,83.7
120,Helen,Port casks,Blackcurrant,451,340,34,2.78,8698680-B,72.87,84.3
121,Blake,Port casks,Peach,454,336,33,2.77,8155577-D,72.82,81.7
122,Mason,Port casks,Raspberry,453,330,34,2.7,4430687-A,72.86,76.9
123,Ethan,Port casks,Strawberry,454,340,35,2.55,7919794-C,72.87,78.5
124,Blake,Port casks,Raspberry,454,334,35,3.37,1745233-A,72.87,82.6
125,Jonah,Port casks,Peach,459,336,37,2.61,8946363-B,72.9,81.3
126,Oscar,Port casks,Peach,451,339,34,3.36,2192621-A,72.84,82.9
127,Helen,Port casks,Raspberry,454,330,33,3.08,0384442-B,72.86,75.4
128,Oscar,Port casks,Blueberry,451,332,34,3.15,6058780-E,72.85,82.2
129,Vince,Port casks,Ginger & Lemon,453,335,34,3.39,0919189-B,72.81,76.7
130,Miles,Port casks,Blackcurrant,452,337,37,3.0,1121738-E,72.86,84.4
131,Emily,Port casks,Peach,453,336,37,2.55,0850772-B,72.82,75.3
132,Derek,Port casks,Raspberry,453,340,35,2.8,4731124-D,72.84,79.5
133,Alice,Port casks,Peach,454,338,34,2.52,0476009-C,72.89,80.3
134,Jonah,Port casks,Blackcurrant,451,340,34,2.64,6206917-B,72.86,81.3
135,Miles,Port casks,Mojito,458,336,34,3.41,6707598-B,72.81,81.6
136,Emily,Port casks,Raspberry,454,332,35,3.22,1559479-C,72.81,78.7
137,Olive,Port casks,Blackcurrant,455,337,34,3.05,3458039-D,72.82,83.5
138,Blake,Port casks,Blackcurrant,452,332,34,2.87,2859207-E,72.86,75.9
139,Helen,Port casks,Mojito,458,335,33,3.37,9666628-C,72.84,79.5
140,Lydia,Port casks,Peach,451,340,37,3.46,3140857-C,72.88,82.5
141,Helen,Port casks,Raspberry,457,334,33,2.5,0667076-B,72.83,80.9
142,Zara,Port casks,Peach,456,336,34,2.61,9394211-C,72.83,78.0
143,Olive,Port casks,Ginger & Lemon,457,334,36,4.58,4729676-D,72.87,84.7
144,Zara,Port casks,Mojito,455,337,37,3.37,9104481-B,72.89,77.8
145,Simon,Port casks,Blueberry,452,332,35,2.77,9928963-A,72.88,75.9
146,Oscar,Port casks,Mojito,451,331,33,2.54,9788707-B,72.87,80.8
147,Mason,Port casks,Peach,455,338,33,2.91,2564582-A,72.85,78.7
148,Alice,Port casks,Strawberry,453,331,36,3.18,4263140-D,72.82,82.1
149,Mason,Port casks,Ginger & Lemon,459,339,37,2.67,8406806-C,72.84,79.1
150,Miles,Port casks,Blueberry,457,331,35,2.81,5687443-B,72.85,84.3
151,Mason,Port casks,Mojito,450,334,37,3.36,1729156-D,72.8,79.4
152,Derek,Port casks,Blackcurrant,451,338,37,3.16,2259837-A,72.88,77.9
153,Lydia,Port casks,Ginger & Lemon,450,334,37,3.3,7388153-A,72.8,80.0
154,Blake,Port casks,Strawberry,458,330,36,3.26,7128902-D,72.88,75.9
155,Simon,Port casks,Mojito,460,335,33,3.19,8521115-A,72.82,76.8
156,Alice,Port casks,Ginger & Lemon,456,331,37,3.28,0455214-E,72.83,76.7
157,Lydia,Port casks,Blackcurrant,451,334,35,3.1,4811071-D,72.88,76.0
158,Derek,Port casks,Raspberry,454,332,34,2.69,3696861-A,72.86,78.0
159,Ethan,Port casks,Blueberry,450,335,37,3.31,8807528-A,72.83,77.1
160,Emily,Port casks,Raspberry,457,332,37,3.48,7070901-B,72.84,83.3
161,Ethan,Port casks,Ginger & Lemon,458,336,34,2.66,7423741-D,72.86,78.2
162,Blake,Port casks,Blueberry,452,339,34,3.27,8643368-A,72.86,80.7
163,Ethan,Port casks,Ginger & Lemon,457,337,34,2.99,4535087-E,72.82,76.7
164,Oscar,Port casks,Mojito,457,332,34,3.34,7682365-D,72.82,80.3
165,Blake,Port casks,Blueberry,460,338,35,3.1,1857759-A,72.83,76.1
166,Ethan,Port casks,Ginger & Lemon,453,330,35,3.05,0408350-A,72.81,75.9
167,Miles,Port casks,Peach,459,340,34,3.2,7594432-A,72.86,84.7
168,Simon,Port casks,Raspberry,460,331,37,2.92,9111187-A,72.81,81.5
169,Mason,Port casks,Mojito,456,332,33,3.27,2946483-E,72.89,76.1
170,Alice,Port casks,Ginger & Lemon,458,339,34,3.07,3382652-D,72.83,76.3
171,Lydia,Port casks,Mojito,455,339,37,2.84,2472271-D,72.81,76.8
172,Blake,Port casks,Blueberry,455,333,33,3.37,2200145-B,72.87,82.3
173,Helen,Port casks,Strawberry,451,335,34,3.3,3171345-E,72.82,77.5
174,Vince,Port casks,Mojito,455,336,36,2.96,8174195-A,72.89,75.5
175,Ethan,Port casks,Strawberry,451,333,35,2.99,6319922-C,72.86,79.0
176,Emily,Port casks,Strawberry,450,334,36,2.94,0732590-B,72.84,82.0
177,Ethan,Port casks,Peach,458,334,34,2.96,7246846-E,72.86,84.0
178,Mason,Port casks,Raspberry,453,337,33,2.76,1015472-C,72.82,77.4
179,Alice,Port casks,Strawberry,459,336,36,5.36,4441975-B,72.82,80.1
180,Oscar,Port casks,Strawberry,453,340,35,3.4,4210575-A,72.86,77.2
181,Derek,Port casks,Mojito,450,336,35,3.3,9783857-C,72.86,82.1
182,Emily,Port casks,Ginger & Lemon,459,332,36,3.31,3687274-C,72.87,82.1
183,Helen,Port casks,Peach,454,331,34,2.97,2329311-A,72.84,82.6
184,Jonah,Port casks,Blueberry,454,336,34,2.9,5860500-D,72.87,82.5
185,Ethan,Port casks,Strawberry,460,330,37,3.15,9889777-B,72.82,79.3
186,Ethan,Port casks,Peach,454,331,33,2.81,1943305-A,72.89,77.6
187,Ethan,Port casks,Peach,450,338,37,2.83,4918563-D,72.81,75.7
188,Mason,Port casks,Blackcurrant,455,333,37,2.65,3269565-C,72.84,84.6
189,Oscar,Port casks,Ginger & Lemon,455,333,37,3.43,3750410-D,72.86,78.3
190,Ethan,Port casks,Mojito,452,331,33,3.33,3206011-D,72.8,82.2
191,Vince,Port casks,Ginger & Lemon,457,332,37,3.23,6171236-E,72.81,77.2
192,Vince,Port casks,Blueberry,450,340,35,3.36,8457580-D,72.81,75.3
193,Zara,Port casks,Strawberry,452,330,35,3.01,5322091-C,72.87,83.2
194,Derek,Port casks,Raspberry,457,339,34,3.43,3343303-A,72.8,80.4
195,Lydia,Port casks,Blueberry,453,335,36,3.39,7046397-D,72.9,83.5
196,Blake,Port casks,Mojito,455,332,35,3.35,5826648-C,72.88,75.7
197,Jonah,Port casks,Blackcurrant,453,338,34,2.79,9631526-E,72.85,80.8
198,Jonah,Port casks,Raspberry,459,331,33,2.93,9831600-C,72.88,76.9
199,Helen,Port casks,Blackcurrant,460,338,37,3.05,0364563-A,72.89,78.3
200,Jonah,Port casks,Ginger & Lemon,456,338,37,2.78,6107251-B,72.84,80.6
201,Mason,Port casks,Strawberry,458,337,36,3.1,6996933-A,72.86,76.6
202,Zara,Port casks,Blueberry,457,336,34,2.51,9479947-B,72.82,75.5
203,Helen,Port casks,Raspberry,460,338,36,2.96,8180508-C,72.86,79.7
204,Zara,Port casks,Peach,452,337,37,4.67,8514967-D,72.89,80.2
205,Derek,Port casks,Blackcurrant,450,339,33,3.35,8821597-C,72.81,80.3
206,Vince,Port casks,Blueberry,454,330,33,2.78,9269669-E,72.88,82.9
207,Mason,Port casks,Mojito,452,340,35,2.81,7948322-B,72.82,75.0
208,Olive,Port casks,Mojito,453,330,34,3.28,5766392-D,72.83,81.2
209,Ethan,Port casks,Strawberry,455,334,36,3.16,6764206-D,72.88,82.4
210,Mason,Port casks,Blackcurrant,450,331,36,3.15,0569537-E,72.89,79.9
211,Zara,Port casks,Mojito,457,336,35,3.13,9846455-A,72.88,76.8
212,Vince,Port casks,Raspberry,454,332,33,3.19,9300593-C,72.85,79.5
213,Ethan,Port casks,Blueberry,450,331,35,3.38,0586732-E,72.81,79.0
214,Derek,Port casks,Blueberry,455,337,33,2.9,1231110-C,72.81,82.4
215,Lydia,Port casks,Blackcurrant,452,337,34,2.53,7271053-C,72.89,79.8
216,Miles,Port casks,Peach,454,338,36,2.55,1295475-B,72.9,85.0
217,Helen,Port casks,Strawberry,455,338,35,2.89,3074817-C,72.85,81.2
218,Emily,Port casks,Blueberry,453,334,35,2.75,8926958-D,72.82,76.7
219,Olive,Port casks,Ginger & Lemon,454,335,33,2.66,2872340-E,72.85,75.7
220,Zara,Port casks,Blackcurrant,455,339,36,2.88,7553970-D,72.84,75.6
221,Ethan,Port casks,Ginger & Lemon,460,340,35,2.57,2814624-E,72.86,84.5
222,Ethan,Port casks,Blueberry,456,331,33,3.08,6998897-E,72.87,80.4
223,Derek,Port casks,Ginger & Lemon,452,331,37,2.67,1300404-D,72.81,81.7
224,Derek,Port casks,Strawberry,460,339,36,2.76,6223300-B,72.83,77.6
225,Mason,Port casks,Ginger & Lemon,460,339,36,2.72,4470682-E,72.86,76.9
226,Ethan,Port casks,Mojito,459,339,36,3.16,3587625-D,72.89,81.5
227,Mason,Port casks,Raspberry,457,338,34,3.07,5061912-E,72.86,76.3
228,Vince,Port casks,Raspberry,457,338,37,3.04,8652048-D,72.85,75.3
229,Vince,Port casks,Mojito,453,337,33,2.89,3436215-D,72.87,83.3
230,Emily,Port casks,Strawberry,455,337,37,2.91,9508196-A,72.84,75.9
231,Ethan,Port casks,Peach,458,340,34,2.76,3210206-B,72.83,79.7
232,Derek,Port casks,Mojito,454,337,34,3.21,0989129-A,72.84,84.6
233,Olive,Port casks,Peach,455,334,34,2.99,1402532-A,72.88,78.5
234,Jonah,Port casks,Blackcurrant,456,330,35,2.76,0247649-C,72.82,82.7
235,Oscar,Port casks,Ginger & Lemon,457,337,34,2.99,5352801-B,72.87,76.8
236,Mason,Port casks,Mojito,460,331,36,2.57,7588024-B,72.84,79.1
237,Blake,Port casks,Raspberry,454,337,34,2.83,0900452-C,72.85,75.4
238,Simon,Port casks,Ginger & Lemon,453,338,37,2.74,3562237-C,72.8,79.1
239,Mason,Port casks,Blueberry,450,339,35,3.23,4278835-A,72.83,83.0
240,Blake,Port casks,Peach,452,330,35,3.09,3240952-E,72.89,77.5
241,Simon,Port casks,Ginger & Lemon,453,334,35,2.97,0818327-A,72.81,83.5
242,Miles,Port casks,Blackcurrant,454,332,34,2.72,8403018-B,72.82,81.7
243,Derek,Port casks,Strawberry,457,335,35,3.28,3691112-E,72.83,83.6
244,Mason,Port casks,Strawberry,453,338,36,3.46,2717883-A,72.85,83.6
245,Jonah,Port casks,Blueberry,453,336,33,3.06,5170450-E,72.81,84.3
246,Olive,Port casks,Peach,459,330,35,3.26,2737674-B,72.83,77.5
247,Zara,Port casks,Mojito,451,339,37,3.28,4522890-B,72.9,82.2
248,Mason,Port casks,Mojito,457,330,36,3.09,8558928-C,72.85,79.5
249,Miles,Port casks,Blackcurrant,458,339,34,2.9,4630801-A,72.88,75.1
250,Derek,Port casks,Raspberry,458,338,35,2.95,8818681-B,72.89,82.0
251,Simon,Port casks,Raspberry,458,338,37,2.79,9918909-E,72.83,81.4
252,Emily,Port casks,Ginger & Lemon,451,340,36,4.62,7947475-E,72.84,82.7
253,Jonah,Port casks,Peach,454,334,37,2.68,8560328-E,72.87,75.8
254,Blake,Port casks,Peach,454,336,37,3.06,7842311-C,72.88,81.4
255,Zara,Port casks,Blueberry,450,335,33,2.69,5143510-C,72.9,80.4
256,Alice,Port casks,Peach,458,333,35,2.85,5093634-B,72.84,76.1
257,Vince,Port casks,Strawberry,454,333,36,2.7,2907860-E,72.87,84.6
258,Lydia,Port casks,Blueberry,459,338,36,3.39,1008275-C,72.84,80.9
259,Emily,Port casks,Peach,458,335,37,2.96,7299566-B,72.89,82.1
260,Derek,Port casks,Ginger & Lemon,459,338,36,3.01,9574676-B,72.86,76.0
261,Alice,Port casks,Ginger & Lemon,460,339,34,2.59,0243815-D,72.82,78.8
262,Zara,Port casks,Raspberry,455,336,35,2.81,2146561-A,72.89,81.4
263,Zara,Port casks,Strawberry,452,335,35,3.24,9610013-E,72.82,75.6
264,Blake,Port casks,Strawberry,458,331,35,3.24,6753391-D,72.88,77.0
265,Alice,Port casks,Blueberry,460,339,35,3.4,5803406-B,72.87,76.2
266,Derek,Port casks,Blueberry,460,334,37,3.26,6450914-C,72.81,75.8
267,Olive,Port casks,Blackcurrant,452,335,34,3.42,9803496-C,72.89,78.0
268,Miles,Port casks,Blackcurrant,456,331,36,3.09,6267592-D,72.87,78.0
269,Ethan,Port casks,Peach,453,331,34,3.35,4811234-E,72.84,79.8
270,Simon,Port casks,Raspberry,455,338,35,3.35,1226051-D,72.83,82.6
271,Oscar,Port casks,Blueberry,455,332,36,3.28,7979090-B,72.83,75.7
272,Helen,Port casks,Blackcurrant,452,334,34,4.54,4858846-C,72.8,81.4
273,Helen,Port casks,Ginger & Lemon,450,340,34,2.52,8525085-B,72.86,80.4
274,Derek,Port casks,Blueberry,453,339,33,2.59,0868047-B,72.87,83.7
275,Simon,Port casks,Raspberry,460,332,36,3.3,5316290-B,72.9,82.9
276,Ethan,Port casks,Raspberry,454,339,37,2.56,4035517-B,72.8,78.7
277,Jonah,Port casks,Blueberry,457,332,37,3.31,6446689-E,72.88,76.3
278,Mason,Port casks,Ginger & Lemon,453,333,37,2.89,4942741-D,72.85,80.4
279,Olive,Port casks,Ginger & Lemon,452,331,33,3.14,3388884-E,72.82,81.4
280,Derek,Port casks,Blackcurrant,452,340,33,3.18,4555755-D,72.88,80.4
281,Lydia,Port casks,Blueberry,453,340,33,3.47,0974683-A,72.81,78.3
282,Blake,Port casks,Blackcurrant,451,340,36,3.13,1732873-B,72.81,84.0
283,Emily,Port casks,Ginger & Lemon,454,330,35,2.96,5681502-D,72.8,83.1
284,Simon,Port casks,Raspberry,453,336,33,3.41,5197544-E,72.89,83.8
285,Emily,Port casks,Strawberry,459,336,33,2.59,4674578-E,72.89,81.6
286,Mason,Port casks,Ginger & Lemon,456,331,35,2.55,8963106-A,72.8,84.8
287,Olive,Port casks,Strawberry,456,330,37,3.23,7608847-C,72.89,75.5
288,Blake,Port casks,Strawberry,458,337,37,3.28,4690547-B,72.88,82.6
289,Zara,Port casks,Blackcurrant,455,331,35,3.15,9985881-C,72.89,78.5
290,Ethan,Port casks,Blueberry,457,333,37,2.82,0202217-C,72.81,75.5
291,Emily,Port casks,Blueberry,460,334,36,2.73,5136978-A,72.82,78.1
292,Zara,Port casks,Raspberry,452,335,36,2.77,8460406-A,72.88,79.0
293,Blake,Port casks,Raspberry,456,336,33,3.37,5702604-E,72.83,77.8
294,Zara,Port casks,Strawberry,453,330,33,2.87,7986817-A,72.88,78.6
295,Lydia,Port casks,Blueberry,455,335,36,2.63,4407137-D,72.84,77.7
296,Lydia,Port casks,Peach,450,340,36,3.48,2409114-A,72.89,83.0
297,Jonah,Port casks,Blackcurrant,459,332,36,2.61,1171078-D,72.87,75.7
298,Blake,Port casks,Blackcurrant,457,330,33,2.84,9066167-E,72.86,79.3
299,Derek,Port casks,Blackcurrant,455,330,34,3.01,0372725-C,72.82,82.9
300,Mason,Port casks,Blackcurrant,453,335,35,3.02,3900117-C,72.86,82.4
301,Miles,Port casks,Peach,453,335,36,2.53,2130067-C,72.84,78.8
302,Olive,Port casks,Raspberry,457,332,36,2.75,1212186-A,72.84,78.0
303,Mason,Port casks,Mojito,458,334,34,3.14,5870139-B,72.87,77.3
304,Miles,Port casks,Blackcurrant,455,336,35,3.28,3587344-C,72.81,83.1
305,Zara,Port casks,Ginger & Lemon,454,330,34,3.23,1685792-A,72.84,84.6
306,Helen,Port casks,Strawberry,453,337,35,3.22,5820383-B,72.87,76.0
307,Simon,Port casks,Peach,460,333,36,3.3,5471943-D,72.87,84.5
308,Lydia,Port casks,Raspberry,457,338,35,3.24,7592069-E,72.86,82.4
309,Vince,Port casks,Peach,460,334,37,3.43,9893075-A,72.9,82.8
310,Oscar,Port casks,Ginger & Lemon,451,337,33,2.92,7193686-A,72.85,81.5
311,Blake,Port casks,Mojito,454,335,33,2.84,3497999-A,72.82,84.1
312,Zara,Port casks,Strawberry,458,332,35,2.91,4561855-A,72.83,81.2
313,Emily,Port casks,Strawberry,450,335,35,3.37,5703309-C,72.9,79.7
314,Lydia,Port casks,Ginger & Lemon,460,336,34,2.85,3207150-C,72.84,77.2
315,Vince,Port casks,Strawberry,452,332,34,2.92,6039811-A,72.8,78.7
316,Ethan,Port casks,Mojito,450,340,34,2.84,6813189-B,72.81,79.0
317,Alice,Port casks,Blackcurrant,452,338,35,3.08,5002399-B,72.85,79.8
318,Miles,Port casks,Strawberry,456,338,37,2.97,3048226-D,72.81,76.8
319,Ethan,Port casks,Raspberry,451,335,35,2.95,7253873-C,72.81,76.2
320,Emily,Port casks,Strawberry,455,333,37,3.01,0660919-B,72.85,84.1
321,Simon,Port casks,Blackcurrant,456,332,36,3.08,7208969-C,72.83,78.6
322,Alice,Port casks,Blackcurrant,454,330,33,2.97,9039276-A,72.83,83.8
323,Lydia,Port casks,Ginger & Lemon,453,336,33,2.86,6987305-E,72.8,78.9
324,Zara,Port casks,Ginger & Lemon,452,340,36,2.56,3829384-C,72.9,79.3
325,Vince,Port casks,Strawberry,450,335,36,2.63,1017369-C,72.83,82.1
326,Oscar,Port casks,Mojito,450,339,33,3.26,5771014-C,72.9,77.4
327,Simon,Port casks,Blueberry,457,339,36,3.23,2558085-D,72.81,76.9
328,Oscar,Port casks,Ginger & Lemon,451,338,36,2.67,1421607-B,72.81,77.8
329,Olive,Port casks,Peach,452,336,36,2.81,4579157-A,72.88,80.2
330,Simon,Port casks,Mojito,457,334,37,3.02,8491176-A,72.89,82.1
331,Jonah,Port casks,Strawberry,458,336,34,3.17,8004658-E,72.9,76.1
332,Emily,Port casks,Blackcurrant,450,339,33,3.07,0713160-C,72.8,77.4
333,Oscar,Port casks,Raspberry,458,331,37,3.01,9581328-D,72.86,78.3
334,Ethan,Port casks,Mojito,456,334,37,3.19,4827696-B,72.87,83.0
335,Lydia,Port casks,Mojito,456,332,36,2.66,9370503-D,72.82,78.8
336,Derek,Port casks,Peach,454,333,33,3.08,9045534-A,72.88,84.4
337,Alice,Port casks,Strawberry,450,336,37,3.03,8314879-B,72.85,79.0
338,Ethan,Port casks,Blueberry,457,334,33,3.39,1191639-C,72.81,85.0
339,Emily,Port casks,Ginger & Lemon,455,331,37,3.02,3390420-E,72.87,83.3
340,Blake,Port casks,Blueberry,455,340,33,2.58,1682407-A,72.81,82.9
341,Mason,Port casks,Mojito,459,331,37,5.19,2909784-E,72.86,84.2
342,Helen,Port casks,Strawberry,459,330,37,3.36,4901687-A,72.88,78.4
343,Blake,Port casks,Blackcurrant,459,338,35,3.3,6903838-E,72.8,80.7
344,Miles,Port casks,Mojito,454,335,37,2.8,8593934-E,72.86,75.7
345,Lydia,Port casks,Raspberry,457,336,37,2.71,3782380-D,72.85,81.8
346,Vince,Port casks,Peach,460,336,36,4.78,9046671-D,72.87,76.3
347,Olive,Port casks,Blueberry,453,331,37,3.33,4358514-A,72.84,80.3
348,Lydia,Port casks,Raspberry,457,334,33,3.29,1858536-B,72.88,83.1
349,Jonah,Port casks,Blueberry,455,340,36,2.94,8318377-E,72.81,84.5
350,Vince,Port casks,Strawberry,460,335,33,2.53,7712565-E,72.83,77.6
351,Jonah,Port casks,Mojito,455,332,37,2.81,8488529-E,72.81,82.5
352,Mason,Port casks,Mojito,459,340,36,2.73,4596811-D,72.9,76.4
353,Emily,Port casks,Strawberry,458,340,35,2.98,8636118-C,72.81,75.9
354,Derek,Port casks,Peach,452,336,37,3.0,8486944-E,72.83,82.2
355,Helen,Port casks,Blackcurrant,451,335,33,2.66,4719563-C,72.9,77.5
356,Jonah,Port casks,Peach,459,332,34,3.41,6107194-E,72.81,83.9
357,Zara,Port casks,Raspberry,460,336,35,2.7,3172639-A,72.81,77.5
358,Lydia,Port casks,Peach,456,335,36,2.81,9715433-D,72.89,75.6
359,Blake,Port casks,Strawberry,455,339,35,3.3,1641798-C,72.87,78.1
360,Blake,Port casks,Raspberry,451,339,35,3.14,1742140-A,72.82,76.0
361,Olive,Port casks,Blueberry,451,335,36,2.84,0967225-E,72.86,75.4
362,Oscar,Port casks,Ginger & Lemon,460,331,37,3.34,1458145-B,72.9,83.0
363,Olive,Port casks,Blackcurrant,455,336,33,3.37,3443508-E,72.89,78.4
364,Simon,Port casks,Blackcurrant,457,337,37,5.1,5131722-D,72.89,83.6
365,Vince,Port casks,Peach,453,338,37,3.08,3260708-C,72.85,82.8
366,Jonah,Port casks,Mojito,450,336,34,2.98,3401852-D,72.82,77.1
367,Vince,Port casks,Ginger & Lemon,456,336,33,3.01,2278283-B,72.84,77.1
368,Zara,Port casks,Ginger & Lemon,456,333,34,2.56,5089715-D,72.81,84.8
369,Blake,Port casks,Raspberry,453,340,35,2.5,5152793-A,72.85,83.6
370,Derek,Port casks,Mojito,455,331,37,3.11,5368609-E,72.82,75.4
371,Mason,Port casks,Blackcurrant,457,336,35,2.64,3273128-E,72.81,76.6
372,Vince,Port casks,Mojito,451,339,33,2.65,1425541-A,72.87,84.8
373,Lydia,Port casks,Blackcurrant,457,336,36,3.04,7975443-A,72.84,78.8
374,Alice,Port casks,Mojito,454,334,33,2.58,6829829-B,72.83,77.9
375,Olive,Port casks,Mojito,451,333,35,2.92,8169094-C,72.85,81.5
376,Olive,Port casks,Strawberry,454,334,37,2.86,9892176-B,72.9,84.4
377,Miles,Port casks,Peach,460,333,33,4.52,4707338-B,72.86,78.0
378,Jonah,Port casks,Raspberry,451,332,35,2.83,8315595-D,72.87,81.8
379,Ethan,Port casks,Strawberry,457,332,35,3.05,2032436-B,72.82,75.8
380,Lydia,Port casks,Raspberry,455,339,36,2.88,4404152-A,72.85,79.6
381,Helen,Port casks,Blueberry,460,340,37,2.97,5604766-C,72.83,78.6
382,Vince,Port casks,Raspberry,455,332,35,2.87,9748193-B,72.88,79.3
383,Mason,Port casks,Blueberry,454,332,34,3.3,9136920-A,72.85,83.5
384,Blake,Port casks,Mojito,455,337,35,2.66,6418548-A,72.8,76.1
385,Olive,Port casks,Strawberry,454,337,36,3.17,8391947-C,72.88,75.3
386,Alice,Port casks,Peach,458,335,37,2.9,9612369-C,72.84,76.2
387,Jonah,Port casks,Strawberry,456,330,35,2.51,1639491-A,72.87,78.8
388,Emily,Port casks,Ginger & Lemon,450,331,36,2.66,9375592-C,72.86,75.7
389,Oscar,Port casks,Mojito,450,330,33,3.19,3129951-A,72.84,80.5
390,Miles,Port casks,Blackcurrant,456,333,34,2.53,2503388-D,72.9,79.8
391,Olive,Port casks,Peach,452,339,35,2.74,6078689-A,72.89,82.1
392,Olive,Port casks,Strawberry,459,330,34,3.05,0504074-E,72.81,76.1
393,Vince,Port casks,Blackcurrant,452,330,37,3.43,3737861-B,72.9,85.0
394,Jonah,Port casks,Raspberry,460,332,33,2.95,2967420-B,72.85,78.9
395,Helen,Port casks,Blueberry,456,338,33,2.74,8788856-E,72.84,76.4
396,Ethan,Port casks,Mojito,456,336,34,3.21,8804840-E,72.89,76.1
397,Helen,Port casks,Mojito,459,336,35,2.79,8840818-A,72.85,81.9
398,Olive,Port casks,Blueberry,452,336,33,2.77,1131377-E,72.86,76.9
399,Emily,Port casks,Blueberry,460,336,35,3.45,8172991-D,72.82,76.7
400,Blake,Port casks,Strawberry,455,340,36,3.46,3069328-E,72.83,84.8
401,Olive,Port casks,Raspberry,460,333,37,3.3,7327558-A,72.84,76.9
402,Simon,Port casks,Raspberry,457,339,37,2.97,0456685-A,72.89,82.5
403,Vince,Port casks,Blueberry,459,340,35,3.13,0038298-A,72.86,79.2
404,Vince,Port casks,Blackcurrant,457,333,35,2.78,7485475-D,72.82,76.9
405,Alice,Port casks,Mojito,459,338,34,3.47,7836171-B,72.81,78.9
406,Mason,Port casks,Blueberry,451,332,33,3.07,8152680-C,72.83,76.4
407,Vince,Port casks,Mojito,457,339,35,2.51,4121455-C,72.86,78.3
408,Olive,Port casks,Strawberry,460,340,37,5.0,8332381-E,72.87,79.4
409,Mason,Port casks,Mojito,458,333,35,2.98,0389244-E,72.84,80.9
410,Olive,Port casks,Peach,458,335,33,2.89,8986395-D,72.82,83.3
411,Simon,Port casks,Mojito,457,335,35,2.63,0831603-A,72.87,76.6
412,Lydia,Port casks,Raspberry,457,340,33,3.32,1807580-D,72.88,82.5
413,Mason,Port casks,Strawberry,455,333,34,3.2,8882185-B,72.87,75.3
414,Emily,Port casks,Strawberry,456,337,35,3.28,9148306-E,72.83,83.3
415,Oscar,Port casks,Raspberry,457,340,33,2.62,0643969-E,72.86,83.3
416,Alice,Port casks,Ginger & Lemon,458,337,33,3.15,7504956-E,72.86,84.6
417,Emily,Port casks,Mojito,458,336,36,2.78,3967577-A,72.85,83.0
418,Ethan,Port casks,Blackcurrant,454,331,33,3.21,7590030-A,72.82,75.1
419,Alice,Port casks,Raspberry,460,331,34,2.75,7329017-D,72.84,78.9
420,Lydia,Port casks,Mojito,460,337,35,2.92,0726987-B,72.86,78.5
421,Derek,Port casks,Ginger & Lemon,454,336,33,2.94,6105971-A,72.84,82.6
422,Zara,Port casks,Strawberry,454,337,35,4.97,9447158-B,72.81,79.5
423,Zara,Port casks,Peach,454,340,33,3.15,1399213-A,72.83,76.1
424,Jonah,Port casks,Peach,451,340,34,2.62,1134565-C,72.86,83.8
425,Oscar,Port casks,Blackcurrant,457,334,36,2.71,4337582-A,72.85,82.7
426,Ethan,Port casks,Mojito,457,330,37,2.66,4881587-E,72.82,82.3
427,Helen,Port casks,Strawberry,457,339,37,2.7,7649803-E,72.84,84.2
428,Zara,Port casks,Blackcurrant,450,340,37,2.74,4322835-A,72.88,82.5
429,Simon,Port casks,Ginger & Lemon,454,332,37,5.63,1890267-A,72.89,78.3
430,Derek,Port casks,Ginger & Lemon,451,332,37,3.0,6330946-D,72.84,79.0
431,Jonah,Port casks,Mojito,456,331,36,4.97,9463591-C,72.88,80.0
432,Ethan,Port casks,Ginger & Lemon,451,330,35,3.15,0284859-D,72.83,77.7
433,Olive,Port casks,Blackcurrant,454,337,33,2.66,1710082-A,72.84,75.3
434,Oscar,Port casks,Blueberry,459,330,34,2.82,4282679-D,72.84,81.5
435,Helen,Port casks,Mojito,454,330,33,3.31,0389439-C,72.84,80.0
436,Miles,Port casks,Blueberry,458,336,35,2.77,7239625-B,72.81,82.7
437,Helen,Port casks,Peach,455,332,36,4.74,6901910-A,72.84,79.1
438,Vince,Port casks,Mojito,459,330,34,3.35,4543846-E,72.88,79.4
439,Mason,Port casks,Mojito,453,331,33,2.78,3162183-D,72.86,80.3
440,Oscar,Port casks,Blackcurrant,456,339,35,5.66,8763562-B,72.84,80.9
441,Miles,Port casks,Mojito,459,338,35,3.35,1014610-B,72.9,84.4
442,Olive,Port casks,Blueberry,457,330,35,3.09,9662459-B,72.87,84.0
443,Blake,Port casks,Mojito,456,339,33,2.66,6644806-C,72.82,84.4
444,Ethan,Port casks,Ginger & Lemon,451,335,33,2.92,1110115-D,72.85,78.7
445,Helen,Port casks,Mojito,453,338,35,2.59,2057458-D,72.87,77.2
446,Lydia,Port casks,Blueberry,457,337,34,3.38,5298918-B,72.86,81.0
447,Miles,Port casks,Blackcurrant,459,332,34,3.12,9117879-D,72.87,78.3
448,Vince,Port casks,Blueberry,460,331,33,3.46,4622810-E,72.88,78.2
449,Vince,Port casks,Blackcurrant,459,332,35,2.94,6907893-C,72.84,83.5
450,Alice,Port casks,Raspberry,455,340,35,3.46,1221178-C,72.88,80.7
451,Oscar,Port casks,Strawberry,459,336,36,2.59,5395339-E,72.83,75.8
452,Vince,Port casks,Peach,453,333,34,2.85,8420833-D,72.8,79.3
453,Ethan,Port casks,Blackcurrant,458,332,35,3.21,8451800-B,72.85,83.2
454,Olive,Port casks,Mojito,455,333,37,2.73,5808978-E,72.89,78.6
455,Oscar,Port casks,Ginger & Lemon,453,330,35,2.82,8991246-B,72.9,76.6
456,Miles,Port casks,Strawberry,451,336,33,2.95,7862337-E,72.85,78.5
457,Olive,Port casks,Ginger & Lemon,451,339,35,2.81,1903481-A,72.87,83.1
458,Lydia,Port casks,Blackcurrant,455,337,34,2.53,1513601-E,72.86,77.3
459,Blake,Port casks,Ginger & Lemon,454,335,33,2.56,0258778-B,72.84,82.2
460,Simon,Port casks,Peach,460,335,36,2.76,7406717-B,72.87,82.8
461,Oscar,Port casks,Strawberry,456,340,35,2.93,4818021-D,72.86,80.5
462,Derek,Port casks,Peach,451,335,33,4.72,8510737-E,72.85,77.7
463,Zara,Port casks,Mojito,453,335,36,3.19,2528096-E,72.88,83.7
464,Simon,Port casks,Peach,459,335,37,2.56,4120389-C,72.82,75.9
465,Miles,Port casks,Strawberry,457,334,35,3.15,2953319-A,72.81,75.8
466,Olive,Port casks,Raspberry,452,331,34,2.77,5081014-D,72.84,83.3
467,Helen,Port casks,Raspberry,450,330,34,3.15,8955313-B,72.8,78.5
468,Blake,Port casks,Peach,454,340,35,2.56,7196933-A,72.89,78.2
469,Zara,Port casks,Raspberry,459,336,34,2.68,9961292-C,72.82,81.3
470,Blake,Port casks,Blueberry,450,337,33,2.75,7621672-D,72.84,77.2
471,Miles,Port casks,Strawberry,450,339,35,2.95,5043645-D,72.8,84.2
472,Lydia,Port casks,Ginger & Lemon,453,337,34,3.05,2724737-D,72.89,82.3
473,Simon,Port casks,Blueberry,451,335,37,2.6,5064990-A,72.8,78.2
474,Miles,Port casks,Raspberry,455,338,36,2.51,3258276-B,72.86,78.4
475,Miles,Port casks,Blackcurrant,451,330,33,2.52,1968021-C,72.88,76.0
476,Ethan,Port casks,Blackcurrant,454,340,37,2.57,9807078-E,72.88,75.2
477,Emily,Port casks,Mojito,450,337,36,4.86,3122307-E,72.84,81.5
478,Mason,Port casks,Ginger & Lemon,450,339,35,3.14,1935283-A,72.89,83.7
479,Alice,Port casks,Mojito,460,335,36,3.2,9540677-B,72.87,80.9
480,Alice,Port casks,Strawberry,457,335,35,3.27,1493628-B,72.81,81.0
481,Emily,Port casks,Ginger & Lemon,460,339,36,3.24,8563864-B,72.9,84.3
482,Vince,Port casks,Mojito,453,332,35,3.49,1990181-D,72.84,76.4
483,Zara,Port casks,Ginger & Lemon,450,331,34,3.38,0906823-D,72.84,82.8
484,Lydia,Port casks,Strawberry,455,332,37,3.0,5233486-B,72.86,80.1
485,Miles,Port casks,Peach,459,334,33,2.59,0322193-B,72.88,82.8
486,Alice,Port casks,Raspberry,456,340,37,2.94,0536501-E,72.84,83.4
487,Jonah,Port casks,Blackcurrant,457,338,37,2.82,5277959-C,72.8,84.2
488,Helen,Port casks,Strawberry,458,331,36,3.27,5604208-E,72.87,75.2
489,Vince,Port casks,Blackcurrant,458,337,33,3.26,9341074-D,72.85,76.4
490,Mason,Port casks,Raspberry,460,333,37,2.8,3847447-C,72.9,76.0
491,Olive,Port casks,Mojito,454,339,33,2.63,6971292-E,72.88,80.4
492,Olive,Port casks,Ginger & Lemon,460,338,33,2.63,0934934-C,72.87,81.6
493,Ethan,Port casks,Blackcurrant,451,340,35,2.52,0589161-A,72.86,81.0
494,Olive,Port casks,Raspberry,452,334,35,2.55,2670746-B,72.84,77.2
495,Lydia,Port casks,Strawberry,459,331,37,2.98,1374871-D,72.84,75.6
496,Simon,Port casks,Blueberry,456,332,36,2.65,8538830-A,72.86,78.3
497,Oscar,Port casks,Mojito,450,338,33,3.39,5495125-E,72.89,84.0
498,Miles,Port casks,Ginger & Lemon,456,339,37,2.96,0759029-D,72.82,79.0
499,Miles,Port casks,Strawberry,459,332,36,3.45,7513593-E,72.8,76.7
500,Vince,Port casks,Strawberry,457,338,35,3.08,0909511-C,72.9,80.7
